date,well_id,basin,field,decline_type,oil_rate_bbl_day,water_cut_pct,wellhead_pressure_psi,cumulative_oil_bbl,anomaly_flag,year,month,quarter,production_month,oil_rate_bbl_month,wc_category,rolling_baseline_bbl_day,residual,zscore_flag,iqr_flag,anomaly_detected,anomaly_type,deviation_pct
2023-01-01,W-01,Assam,Lakwa,hyperbolic,620.31,15.98,1307.7,18609.0,0,2023,1,1,0,18609.0,Low (<25%),620.31,0.0,False,False,False,Normal,0.0
2023-02-01,W-01,Assam,Lakwa,hyperbolic,557.92,16.1,1274.3,35347.0,0,2023,2,1,1,16738.0,Low (<25%),620.31,-62.389999999999986,False,False,False,Normal,-10.1
2023-03-01,W-01,Assam,Lakwa,hyperbolic,504.53,22.09,1201.6,50483.0,0,2023,3,1,2,15136.0,Low (<25%),589.115,-84.58500000000004,False,False,False,Normal,-14.4
2023-04-01,W-01,Assam,Lakwa,hyperbolic,493.61,20.74,1178.5,65291.0,0,2023,4,2,3,14808.0,Low (<25%),557.92,-64.30999999999995,False,False,False,Normal,-11.5
2023-05-01,W-01,Assam,Lakwa,hyperbolic,408.17,20.39,1070.4,77536.0,0,2023,5,2,4,12245.0,Low (<25%),504.53,-96.35999999999996,False,False,False,Normal,-19.1
2023-06-01,W-01,Assam,Lakwa,hyperbolic,349.18,22.59,1070.4,88012.0,0,2023,6,2,5,10475.0,Low (<25%),493.61,-144.43,True,False,True,Normal,-29.3
2023-07-01,W-01,Assam,Lakwa,hyperbolic,294.87,23.36,1025.7,96858.0,0,2023,7,3,6,8846.0,Low (<25%),408.17,-113.30000000000001,False,False,False,Normal,-27.8
2023-08-01,W-01,Assam,Lakwa,hyperbolic,321.65,27.16,979.8,106507.0,0,2023,8,3,7,9650.0,Medium (25-50%),349.18,-27.53000000000003,False,False,False,Normal,-7.9
2023-09-01,W-01,Assam,Lakwa,hyperbolic,287.73,29.33,979.8,115139.0,0,2023,9,3,8,8632.0,Medium (25-50%),321.65,-33.91999999999996,False,False,False,Normal,-10.5
2023-10-01,W-01,Assam,Lakwa,hyperbolic,283.77,31.21,878.8,123652.0,0,2023,10,4,9,8513.0,Medium (25-50%),294.87,-11.100000000000023,False,False,False,Normal,-3.8
2023-11-01,W-01,Assam,Lakwa,hyperbolic,281.91,32.5,869.7,132109.0,0,2023,11,4,10,8457.0,Medium (25-50%),287.73,-5.819999999999993,False,False,False,Normal,-2.0
2023-12-01,W-01,Assam,Lakwa,hyperbolic,277.28,33.49,844.1,140428.0,0,2023,12,4,11,8318.0,Medium (25-50%),283.77,-6.490000000000009,False,False,False,Normal,-2.3
2024-01-01,W-01,Assam,Lakwa,hyperbolic,256.38,32.84,828.0,148119.0,0,2024,1,1,12,7691.0,Medium (25-50%),281.91,-25.53000000000003,False,False,False,Normal,-9.1
2024-02-01,W-01,Assam,Lakwa,hyperbolic,218.53,33.27,766.5,154675.0,0,2024,2,1,13,6556.0,Medium (25-50%),277.28,-58.74999999999997,False,False,False,Normal,-21.2
2024-03-01,W-01,Assam,Lakwa,hyperbolic,203.78,32.77,766.5,160789.0,0,2024,3,1,14,6113.0,Medium (25-50%),256.38,-52.599999999999994,False,False,False,Normal,-20.5
2024-04-01,W-01,Assam,Lakwa,hyperbolic,205.23,39.26,707.2,166946.0,0,2024,4,2,15,6157.0,Medium (25-50%),218.53,-13.300000000000011,False,False,False,Normal,-6.1
2024-05-01,W-01,Assam,Lakwa,hyperbolic,185.65,37.98,700.4,172515.0,0,2024,5,2,16,5570.0,Medium (25-50%),205.23,-19.579999999999984,False,False,False,Normal,-9.5
2024-06-01,W-01,Assam,Lakwa,hyperbolic,165.44,38.78,664.7,177479.0,0,2024,6,2,17,4963.0,Medium (25-50%),203.78,-38.34,False,False,False,Normal,-18.8
2024-07-01,W-01,Assam,Lakwa,hyperbolic,151.63,43.23,626.0,182028.0,0,2024,7,3,18,4549.0,Medium (25-50%),185.65,-34.02000000000001,False,False,False,Normal,-18.3
2024-08-01,W-01,Assam,Lakwa,hyperbolic,154.14,40.35,616.7,186652.0,0,2024,8,3,19,4624.0,Medium (25-50%),165.44,-11.300000000000011,False,False,False,Normal,-6.8
2024-09-01,W-01,Assam,Lakwa,hyperbolic,158.07,45.09,586.6,191394.0,0,2024,9,3,20,4742.0,Medium (25-50%),154.14,3.930000000000007,False,False,False,Normal,2.5
2024-10-01,W-01,Assam,Lakwa,hyperbolic,151.79,45.28,576.7,195947.0,0,2024,10,4,21,4554.0,Medium (25-50%),154.14,-2.3499999999999943,False,False,False,Normal,-1.5
2024-11-01,W-01,Assam,Lakwa,hyperbolic,151.49,43.88,529.6,200492.0,0,2024,11,4,22,4545.0,Medium (25-50%),154.14,-2.6499999999999773,False,False,False,Normal,-1.7
2024-12-01,W-01,Assam,Lakwa,hyperbolic,147.83,47.08,514.1,204927.0,0,2024,12,4,23,4435.0,Medium (25-50%),151.79,-3.9599999999999795,False,False,False,Normal,-2.6
2023-01-01,W-02,Assam,Lakwa,hyperbolic,588.64,19.3,997.1,17659.0,0,2023,1,1,0,17659.0,Low (<25%),588.64,0.0,False,False,False,Normal,0.0
2023-02-01,W-02,Assam,Lakwa,hyperbolic,499.23,17.16,943.0,32636.0,0,2023,2,1,1,14977.0,Low (<25%),588.64,-89.40999999999997,False,False,False,Normal,-15.2
2023-03-01,W-02,Assam,Lakwa,hyperbolic,392.22,22.29,944.3,44402.0,0,2023,3,1,2,11767.0,Low (<25%),543.935,-151.71499999999992,True,False,True,Normal,-27.9
2023-04-01,W-02,Assam,Lakwa,hyperbolic,416.68,21.0,887.5,56903.0,0,2023,4,2,3,12500.0,Low (<25%),499.23,-82.55000000000001,False,False,False,Normal,-16.5
2023-05-01,W-02,Assam,Lakwa,hyperbolic,383.96,25.68,828.0,68422.0,0,2023,5,2,4,11519.0,Medium (25-50%),416.68,-32.72000000000003,False,False,False,Normal,-7.9
2023-06-01,W-02,Assam,Lakwa,hyperbolic,322.3,25.73,822.6,78091.0,0,2023,6,2,5,9669.0,Medium (25-50%),392.22,-69.92000000000002,False,False,False,Normal,-17.8
2023-07-01,W-02,Assam,Lakwa,hyperbolic,292.56,26.88,766.2,86868.0,0,2023,7,3,6,8777.0,Medium (25-50%),383.96,-91.39999999999998,False,False,False,Normal,-23.8
2023-08-01,W-02,Assam,Lakwa,hyperbolic,309.26,27.5,762.1,96145.0,0,2023,8,3,7,9278.0,Medium (25-50%),322.3,-13.04000000000002,False,False,False,Normal,-4.0
2023-09-01,W-02,Assam,Lakwa,hyperbolic,271.62,30.16,738.2,104294.0,0,2023,9,3,8,8149.0,Medium (25-50%),309.26,-37.639999999999986,False,False,False,Normal,-12.2
2023-10-01,W-02,Assam,Lakwa,hyperbolic,271.62,33.6,680.3,111692.0,0,2023,10,4,9,8149.0,Medium (25-50%),292.56,-20.939999999999998,False,False,False,Normal,-7.2
2023-11-01,W-02,Assam,Lakwa,hyperbolic,261.74,36.18,679.9,119544.0,0,2023,11,4,10,7852.0,Medium (25-50%),271.62,-9.879999999999995,False,False,False,Normal,-3.6
2023-12-01,W-02,Assam,Lakwa,hyperbolic,242.21,36.76,645.5,126810.0,0,2023,12,4,11,7266.0,Medium (25-50%),271.62,-29.409999999999997,False,False,False,Normal,-10.8
2024-01-01,W-02,Assam,Lakwa,hyperbolic,231.32,40.04,626.6,133750.0,0,2024,1,1,12,6940.0,Medium (25-50%),261.74,-30.420000000000016,False,False,False,Normal,-11.6
2024-02-01,W-02,Assam,Lakwa,hyperbolic,201.44,44.0,618.6,139793.0,0,2024,2,1,13,6043.0,Medium (25-50%),242.21,-40.77000000000001,False,False,False,Normal,-16.8
2024-03-01,W-02,Assam,Lakwa,hyperbolic,193.16,39.89,563.3,145588.0,0,2024,3,1,14,5795.0,Medium (25-50%),231.32,-38.16,False,False,False,Normal,-16.5
2024-04-01,W-02,Assam,Lakwa,hyperbolic,180.59,41.73,533.5,151005.0,0,2024,4,2,15,5418.0,Medium (25-50%),201.44,-20.849999999999994,False,False,False,Normal,-10.4
2024-05-01,W-02,Assam,Lakwa,hyperbolic,169.6,40.87,510.1,156093.0,0,2024,5,2,16,5088.0,Medium (25-50%),193.16,-23.560000000000002,False,False,False,Normal,-12.2
2024-06-01,W-02,Assam,Lakwa,hyperbolic,157.88,47.75,490.7,160830.0,0,2024,6,2,17,4736.0,Medium (25-50%),180.59,-22.710000000000008,False,False,False,Normal,-12.6
2024-07-01,W-02,Assam,Lakwa,hyperbolic,149.97,49.57,482.0,165329.0,0,2024,7,3,18,4499.0,Medium (25-50%),169.6,-19.629999999999995,False,False,False,Normal,-11.6
2024-08-01,W-02,Assam,Lakwa,hyperbolic,143.48,46.85,469.4,169633.0,0,2024,8,3,19,4304.0,Medium (25-50%),157.88,-14.400000000000006,False,False,False,Normal,-9.1
2024-09-01,W-02,Assam,Lakwa,hyperbolic,121.88,51.43,450.2,173290.0,0,2024,9,3,20,3656.0,High (50-75%),149.97,-28.090000000000003,False,False,False,Normal,-18.7
2024-10-01,W-02,Assam,Lakwa,hyperbolic,134.55,54.24,441.0,177326.0,0,2024,10,4,21,4037.0,High (50-75%),143.48,-8.929999999999978,False,False,False,Normal,-6.2
2024-11-01,W-02,Assam,Lakwa,hyperbolic,138.17,53.87,411.9,181471.0,0,2024,11,4,22,4145.0,High (50-75%),134.55,3.619999999999976,False,False,False,Normal,2.7
2024-12-01,W-02,Assam,Lakwa,hyperbolic,127.37,56.72,417.4,185292.0,0,2024,12,4,23,3821.0,High (50-75%),134.55,-7.180000000000007,False,False,False,Normal,-5.3
2023-01-01,W-03,Assam,Geleki,exponential,478.47,14.42,1094.6,14354.0,0,2023,1,1,0,14354.0,Low (<25%),478.47,0.0,False,False,False,Normal,0.0
2023-02-01,W-03,Assam,Geleki,exponential,426.53,20.29,1032.3,27150.0,0,2023,2,1,1,12796.0,Low (<25%),478.47,-51.940000000000055,False,False,False,Normal,-10.9
2023-03-01,W-03,Assam,Geleki,exponential,365.86,20.32,967.1,38126.0,0,2023,3,1,2,10976.0,Low (<25%),452.5,-86.63999999999999,False,False,False,Normal,-19.1
2023-04-01,W-03,Assam,Geleki,exponential,316.91,22.88,961.1,47633.0,0,2023,4,2,3,9507.0,Low (<25%),426.53,-109.61999999999995,False,False,False,Normal,-25.7
2023-05-01,W-03,Assam,Geleki,exponential,291.49,22.5,942.0,56378.0,0,2023,5,2,4,8745.0,Low (<25%),365.86,-74.37,False,False,False,Normal,-20.3
2023-06-01,W-03,Assam,Geleki,exponential,244.97,25.19,890.0,63727.0,0,2023,6,2,5,7349.0,Medium (25-50%),316.91,-71.94000000000003,False,False,False,Normal,-22.7
2023-07-01,W-03,Assam,Geleki,exponential,204.57,30.56,817.4,69864.0,0,2023,7,3,6,6137.0,Medium (25-50%),291.49,-86.92000000000002,False,False,False,Normal,-29.8
2023-08-01,W-03,Assam,Geleki,exponential,182.43,29.26,800.0,75337.0,0,2023,8,3,7,5473.0,Medium (25-50%),244.97,-62.53999999999999,False,False,False,Normal,-25.5
2023-09-01,W-03,Assam,Geleki,exponential,27.61,31.68,794.6,76165.0,1,2023,9,3,8,828.0,Medium (25-50%),204.57,-176.95999999999998,True,False,True,Critical Drop,-86.5
2023-10-01,W-03,Assam,Geleki,exponential,146.43,29.61,734.6,80558.0,0,2023,10,4,9,4393.0,Medium (25-50%),182.43,-36.0,False,False,False,Normal,-19.7
2023-11-01,W-03,Assam,Geleki,exponential,142.94,38.5,722.6,84846.0,0,2023,11,4,10,4288.0,Medium (25-50%),146.43,-3.490000000000009,False,False,False,Normal,-2.4
2023-12-01,W-03,Assam,Geleki,exponential,126.86,38.98,699.5,88652.0,0,2023,12,4,11,3806.0,Medium (25-50%),142.94,-16.08,False,False,False,Normal,-11.2
2024-01-01,W-03,Assam,Geleki,exponential,110.64,39.6,647.0,91971.0,0,2024,1,1,12,3319.0,Medium (25-50%),142.94,-32.3,False,False,False,Normal,-22.6
2024-02-01,W-03,Assam,Geleki,exponential,90.03,40.1,647.0,94672.0,0,2024,2,1,13,2701.0,Medium (25-50%),126.86,-36.83,False,False,False,Normal,-29.0
2024-03-01,W-03,Assam,Geleki,exponential,75.71,40.04,561.5,96943.0,0,2024,3,1,14,2271.0,Medium (25-50%),110.64,-34.93000000000001,False,False,False,Moderate Drop,-31.6
2024-04-01,W-03,Assam,Geleki,exponential,75.71,42.47,570.8,99080.0,0,2024,4,2,15,2271.0,Medium (25-50%),90.03,-14.320000000000007,False,False,False,Normal,-15.9
2024-05-01,W-03,Assam,Geleki,exponential,61.81,45.26,559.4,100934.0,0,2024,5,2,16,1854.0,Medium (25-50%),75.71,-13.899999999999991,False,False,False,Normal,-18.4
2024-06-01,W-03,Assam,Geleki,exponential,61.81,43.47,522.4,102443.0,0,2024,6,2,17,1854.0,Medium (25-50%),75.71,-13.899999999999991,False,False,False,Normal,-18.4
2024-07-01,W-03,Assam,Geleki,exponential,45.23,45.42,544.4,103800.0,0,2024,7,3,18,1357.0,Medium (25-50%),61.81,-16.580000000000005,False,False,False,Normal,-26.8
2024-08-01,W-03,Assam,Geleki,exponential,37.73,44.54,478.1,104932.0,0,2024,8,3,19,1132.0,Medium (25-50%),61.81,-24.080000000000005,False,False,False,Moderate Drop,-39.0
2024-09-01,W-03,Assam,Geleki,exponential,33.56,47.91,473.3,105939.0,0,2024,9,3,20,1007.0,Medium (25-50%),45.23,-11.669999999999995,False,False,False,Normal,-25.8
2024-10-01,W-03,Assam,Geleki,exponential,31.22,54.34,463.1,106875.0,0,2024,10,4,21,937.0,High (50-75%),37.73,-6.509999999999998,False,False,False,Normal,-17.3
2024-11-01,W-03,Assam,Geleki,exponential,28.91,51.93,464.6,107742.0,0,2024,11,4,22,867.0,High (50-75%),33.56,-4.650000000000002,False,False,False,Normal,-13.9
2024-12-01,W-03,Assam,Geleki,exponential,24.07,53.53,404.1,108465.0,0,2024,12,4,23,722.0,High (50-75%),31.22,-7.149999999999999,False,False,False,Normal,-22.9
2023-01-01,W-04,Assam,Geleki,exponential,906.38,17.46,1465.6,27191.0,0,2023,1,1,0,27191.0,Low (<25%),906.38,0.0,False,False,False,Normal,0.0
2023-02-01,W-04,Assam,Geleki,exponential,766.07,18.7,1415.3,50173.0,0,2023,2,1,1,22982.0,Low (<25%),906.38,-140.30999999999995,False,False,False,Normal,-15.5
2023-03-01,W-04,Assam,Geleki,exponential,645.99,25.67,1367.6,69553.0,0,2023,3,1,2,19380.0,Medium (25-50%),836.225,-190.235,False,False,False,Normal,-22.7
2023-04-01,W-04,Assam,Geleki,exponential,597.52,25.9,1331.6,87479.0,0,2023,4,2,3,17926.0,Medium (25-50%),766.07,-168.55000000000007,False,False,False,Normal,-22.0
2023-05-01,W-04,Assam,Geleki,exponential,499.94,22.11,1271.0,102477.0,0,2023,5,2,4,14998.0,Low (<25%),645.99,-146.05,False,False,False,Normal,-22.6
2023-06-01,W-04,Assam,Geleki,exponential,457.08,26.73,1206.4,116189.0,0,2023,6,2,5,13712.0,Medium (25-50%),597.52,-140.44,False,False,False,Normal,-23.5
2023-07-01,W-04,Assam,Geleki,exponential,390.97,31.96,1161.1,127918.0,0,2023,7,3,6,11729.0,Medium (25-50%),499.94,-108.96999999999997,False,False,False,Normal,-21.8
2023-08-01,W-04,Assam,Geleki,exponential,336.13,29.08,1100.8,138002.0,0,2023,8,3,7,10084.0,Medium (25-50%),457.08,-120.94999999999999,False,False,False,Normal,-26.5
2023-09-01,W-04,Assam,Geleki,exponential,302.1,34.94,1071.8,147065.0,0,2023,9,3,8,9063.0,Medium (25-50%),390.97,-88.87,False,False,False,Normal,-22.7
2023-10-01,W-04,Assam,Geleki,exponential,287.92,36.65,1025.7,155703.0,0,2023,10,4,9,8638.0,Medium (25-50%),336.13,-48.20999999999998,False,False,False,Normal,-14.3
2023-11-01,W-04,Assam,Geleki,exponential,265.98,35.84,994.5,163682.0,0,2023,11,4,10,7979.0,Medium (25-50%),302.1,-36.120000000000005,False,False,False,Normal,-12.0
2023-12-01,W-04,Assam,Geleki,exponential,236.98,39.15,938.4,170791.0,0,2023,12,4,11,7109.0,Medium (25-50%),287.92,-50.940000000000026,False,False,False,Normal,-17.7
2024-01-01,W-04,Assam,Geleki,exponential,215.41,36.91,921.4,177254.0,0,2024,1,1,12,6462.0,Medium (25-50%),265.98,-50.57000000000002,False,False,False,Normal,-19.0
2024-02-01,W-04,Assam,Geleki,exponential,186.02,46.56,900.7,182834.0,0,2024,2,1,13,5581.0,Medium (25-50%),236.98,-50.95999999999998,False,False,False,Normal,-21.5
2024-03-01,W-04,Assam,Geleki,exponential,159.84,44.32,841.7,187630.0,0,2024,3,1,14,4795.0,Medium (25-50%),215.41,-55.56999999999999,False,False,False,Normal,-25.8
2024-04-01,W-04,Assam,Geleki,exponential,139.1,48.47,816.3,191803.0,0,2024,4,2,15,4173.0,Medium (25-50%),186.02,-46.920000000000016,False,False,False,Normal,-25.2
2024-05-01,W-04,Assam,Geleki,exponential,119.37,50.02,788.8,195384.0,0,2024,5,2,16,3581.0,High (50-75%),159.84,-40.47,False,False,False,Normal,-25.3
2024-06-01,W-04,Assam,Geleki,exponential,98.12,53.43,742.0,198327.0,0,2024,6,2,17,2944.0,High (50-75%),139.1,-40.97999999999999,False,False,False,Normal,-29.5
2024-07-01,W-04,Assam,Geleki,exponential,95.34,51.77,722.0,201187.0,0,2024,7,3,18,2860.0,High (50-75%),119.37,-24.03,False,False,False,Normal,-20.1
2024-08-01,W-04,Assam,Geleki,exponential,79.79,54.97,690.7,203581.0,0,2024,8,3,19,2394.0,High (50-75%),98.12,-18.33,False,False,False,Normal,-18.7
2024-09-01,W-04,Assam,Geleki,exponential,69.14,57.6,664.9,205655.0,0,2024,9,3,20,2074.0,High (50-75%),95.34,-26.200000000000003,False,False,False,Normal,-27.5
2024-10-01,W-04,Assam,Geleki,exponential,72.28,60.16,625.8,207824.0,0,2024,10,4,21,2168.0,High (50-75%),79.79,-7.510000000000005,False,False,False,Normal,-9.4
2024-11-01,W-04,Assam,Geleki,exponential,62.67,62.64,612.8,209704.0,0,2024,11,4,22,1880.0,High (50-75%),72.28,-9.61,False,False,False,Normal,-13.3
2024-12-01,W-04,Assam,Geleki,exponential,57.27,61.3,595.8,211422.0,0,2024,12,4,23,1718.0,High (50-75%),69.14,-11.869999999999997,False,False,False,Normal,-17.2
2023-01-01,W-05,Gujarat,Ankleshwar,hyperbolic,736.91,23.34,1271.8,22107.0,0,2023,1,1,0,22107.0,Low (<25%),736.91,0.0,False,False,False,Normal,0.0
2023-02-01,W-05,Gujarat,Ankleshwar,hyperbolic,710.51,26.09,1245.6,43423.0,0,2023,2,1,1,21315.0,Medium (25-50%),736.91,-26.399999999999977,False,False,False,Normal,-3.6
2023-03-01,W-05,Gujarat,Ankleshwar,hyperbolic,609.79,28.87,1203.4,61716.0,0,2023,3,1,2,18294.0,Medium (25-50%),723.71,-113.92000000000007,False,False,False,Normal,-15.7
2023-04-01,W-05,Gujarat,Ankleshwar,hyperbolic,593.64,34.18,1150.1,79525.0,0,2023,4,2,3,17809.0,Medium (25-50%),710.51,-116.87,False,False,False,Normal,-16.4
2023-05-01,W-05,Gujarat,Ankleshwar,hyperbolic,519.4,32.01,1074.5,95107.0,0,2023,5,2,4,15582.0,Medium (25-50%),609.79,-90.38999999999999,False,False,False,Normal,-14.8
2023-06-01,W-05,Gujarat,Ankleshwar,hyperbolic,425.14,36.58,1060.8,107862.0,0,2023,6,2,5,12754.0,Medium (25-50%),593.64,-168.5,True,False,True,Normal,-28.4
2023-07-01,W-05,Gujarat,Ankleshwar,hyperbolic,395.11,35.51,1001.0,119715.0,0,2023,7,3,6,11853.0,Medium (25-50%),519.4,-124.28999999999996,False,False,False,Normal,-23.9
2023-08-01,W-05,Gujarat,Ankleshwar,hyperbolic,417.66,39.17,990.5,132245.0,0,2023,8,3,7,12530.0,Medium (25-50%),425.14,-7.479999999999961,False,False,False,Normal,-1.8
2023-09-01,W-05,Gujarat,Ankleshwar,hyperbolic,396.87,40.61,947.6,144151.0,0,2023,9,3,8,11906.0,Medium (25-50%),417.66,-20.79000000000002,False,False,False,Normal,-5.0
2023-10-01,W-05,Gujarat,Ankleshwar,hyperbolic,411.4,40.61,891.0,156493.0,0,2023,10,4,9,12342.0,Medium (25-50%),396.87,14.529999999999973,False,False,False,Normal,3.7
2023-11-01,W-05,Gujarat,Ankleshwar,hyperbolic,393.17,39.9,861.9,168288.0,0,2023,11,4,10,11795.0,Medium (25-50%),411.4,-18.22999999999996,False,False,False,Normal,-4.4
2023-12-01,W-05,Gujarat,Ankleshwar,hyperbolic,368.17,43.1,819.6,179333.0,0,2023,12,4,11,11045.0,Medium (25-50%),396.87,-28.69999999999999,False,False,False,Normal,-7.2
2024-01-01,W-05,Gujarat,Ankleshwar,hyperbolic,359.71,48.31,801.8,190124.0,0,2024,1,1,12,10791.0,Medium (25-50%),393.17,-33.460000000000036,False,False,False,Normal,-8.5
2024-02-01,W-05,Gujarat,Ankleshwar,hyperbolic,300.28,48.78,785.6,199133.0,0,2024,2,1,13,9008.0,Medium (25-50%),368.17,-67.89000000000004,False,False,False,Normal,-18.4
2024-03-01,W-05,Gujarat,Ankleshwar,hyperbolic,313.26,47.86,726.3,208530.0,0,2024,3,1,14,9398.0,Medium (25-50%),359.71,-46.44999999999999,False,False,False,Normal,-12.9
2024-04-01,W-05,Gujarat,Ankleshwar,hyperbolic,290.21,49.73,719.6,217237.0,0,2024,4,2,15,8706.0,Medium (25-50%),313.26,-23.05000000000001,False,False,False,Normal,-7.4
2024-05-01,W-05,Gujarat,Ankleshwar,hyperbolic,272.06,48.65,676.1,225399.0,0,2024,5,2,16,8162.0,Medium (25-50%),300.28,-28.21999999999997,False,False,False,Normal,-9.4
2024-06-01,W-05,Gujarat,Ankleshwar,hyperbolic,246.81,56.7,645.4,232803.0,0,2024,6,2,17,7404.0,High (50-75%),290.21,-43.39999999999998,False,False,False,Normal,-15.0
2024-07-01,W-05,Gujarat,Ankleshwar,hyperbolic,251.34,57.27,629.9,240343.0,0,2024,7,3,18,7540.0,High (50-75%),272.06,-20.72,False,False,False,Normal,-7.6
2024-08-01,W-05,Gujarat,Ankleshwar,hyperbolic,231.21,56.92,591.2,247280.0,0,2024,8,3,19,6936.0,High (50-75%),251.34,-20.129999999999995,False,False,False,Normal,-8.0
2024-09-01,W-05,Gujarat,Ankleshwar,hyperbolic,214.75,59.29,574.6,253722.0,0,2024,9,3,20,6442.0,High (50-75%),246.81,-32.06,False,False,False,Normal,-13.0
2024-10-01,W-05,Gujarat,Ankleshwar,hyperbolic,203.0,56.24,542.1,259812.0,0,2024,10,4,21,6090.0,High (50-75%),231.21,-28.210000000000008,False,False,False,Normal,-12.2
2024-11-01,W-05,Gujarat,Ankleshwar,hyperbolic,216.44,61.31,567.6,266305.0,0,2024,11,4,22,6493.0,High (50-75%),214.75,1.6899999999999977,False,False,False,Normal,0.8
2024-12-01,W-05,Gujarat,Ankleshwar,hyperbolic,221.61,66.64,517.5,272954.0,0,2024,12,4,23,6648.0,High (50-75%),214.75,6.860000000000014,False,False,False,Normal,3.2
2023-01-01,W-06,Gujarat,Ankleshwar,exponential,410.34,25.06,999.9,12310.0,0,2023,1,1,0,12310.0,Medium (25-50%),410.34,0.0,False,False,False,Normal,0.0
2023-02-01,W-06,Gujarat,Ankleshwar,exponential,357.44,26.74,944.6,23034.0,0,2023,2,1,1,10723.0,Medium (25-50%),410.34,-52.89999999999998,False,False,False,Normal,-12.9
2023-03-01,W-06,Gujarat,Ankleshwar,exponential,330.66,27.25,909.2,32953.0,0,2023,3,1,2,9920.0,Medium (25-50%),383.89,-53.22999999999996,False,False,False,Normal,-13.9
2023-04-01,W-06,Gujarat,Ankleshwar,exponential,277.6,28.98,897.7,41281.0,0,2023,4,2,3,8328.0,Medium (25-50%),357.44,-79.83999999999997,False,False,False,Normal,-22.3
2023-05-01,W-06,Gujarat,Ankleshwar,exponential,240.92,30.02,865.7,48509.0,0,2023,5,2,4,7228.0,Medium (25-50%),330.66,-89.74000000000004,False,False,False,Normal,-27.1
2023-06-01,W-06,Gujarat,Ankleshwar,exponential,195.75,31.17,814.4,54381.0,0,2023,6,2,5,5872.0,Medium (25-50%),277.6,-81.85000000000002,False,False,False,Normal,-29.5
2023-07-01,W-06,Gujarat,Ankleshwar,exponential,181.82,33.15,805.1,59836.0,0,2023,7,3,6,5455.0,Medium (25-50%),240.92,-59.099999999999994,False,False,False,Normal,-24.5
2023-08-01,W-06,Gujarat,Ankleshwar,exponential,152.98,34.57,739.4,64425.0,0,2023,8,3,7,4589.0,Medium (25-50%),195.75,-42.77000000000001,False,False,False,Normal,-21.8
2023-09-01,W-06,Gujarat,Ankleshwar,exponential,149.84,35.22,733.4,68920.0,0,2023,9,3,8,4495.0,Medium (25-50%),181.82,-31.97999999999999,False,False,False,Normal,-17.6
2023-10-01,W-06,Gujarat,Ankleshwar,exponential,142.62,37.27,687.4,73199.0,0,2023,10,4,9,4279.0,Medium (25-50%),152.98,-10.359999999999985,False,False,False,Normal,-6.8
2023-11-01,W-06,Gujarat,Ankleshwar,exponential,131.32,34.84,668.1,77139.0,0,2023,11,4,10,3940.0,Medium (25-50%),149.84,-18.52000000000001,False,False,False,Normal,-12.4
2023-12-01,W-06,Gujarat,Ankleshwar,exponential,122.24,42.7,652.0,80806.0,0,2023,12,4,11,3667.0,Medium (25-50%),142.62,-20.38000000000001,False,False,False,Normal,-14.3
2024-01-01,W-06,Gujarat,Ankleshwar,exponential,106.15,43.6,612.9,83990.0,0,2024,1,1,12,3184.0,Medium (25-50%),131.32,-25.169999999999987,False,False,False,Normal,-19.2
2024-02-01,W-06,Gujarat,Ankleshwar,exponential,89.27,44.13,595.5,86668.0,0,2024,2,1,13,2678.0,Medium (25-50%),122.24,-32.97,False,False,False,Normal,-27.0
2024-03-01,W-06,Gujarat,Ankleshwar,exponential,77.65,46.26,592.8,88998.0,0,2024,3,1,14,2330.0,Medium (25-50%),106.15,-28.5,False,False,False,Normal,-26.8
2024-04-01,W-06,Gujarat,Ankleshwar,exponential,72.16,47.82,546.4,91163.0,0,2024,4,2,15,2165.0,Medium (25-50%),89.27,-17.11,False,False,False,Normal,-19.2
2024-05-01,W-06,Gujarat,Ankleshwar,exponential,66.15,47.31,545.8,93147.0,0,2024,5,2,16,1985.0,Medium (25-50%),77.65,-11.5,False,False,False,Normal,-14.8
2024-06-01,W-06,Gujarat,Ankleshwar,exponential,58.13,49.18,495.4,94891.0,0,2024,6,2,17,1744.0,Medium (25-50%),72.16,-14.029999999999994,False,False,False,Normal,-19.4
2024-07-01,W-06,Gujarat,Ankleshwar,exponential,48.59,52.78,500.2,96349.0,0,2024,7,3,18,1458.0,High (50-75%),66.15,-17.560000000000002,False,False,False,Normal,-26.5
2024-08-01,W-06,Gujarat,Ankleshwar,exponential,44.48,53.63,494.6,97684.0,0,2024,8,3,19,1334.0,High (50-75%),58.13,-13.650000000000006,False,False,False,Normal,-23.5
2024-09-01,W-06,Gujarat,Ankleshwar,exponential,39.22,58.78,417.3,98860.0,0,2024,9,3,20,1177.0,High (50-75%),48.59,-9.370000000000005,False,False,False,Normal,-19.3
2024-10-01,W-06,Gujarat,Ankleshwar,exponential,40.3,59.42,424.6,100069.0,0,2024,10,4,21,1209.0,High (50-75%),44.48,-4.18,False,False,False,Normal,-9.4
2024-11-01,W-06,Gujarat,Ankleshwar,exponential,38.05,59.53,428.1,101211.0,0,2024,11,4,22,1142.0,High (50-75%),40.3,-2.25,False,False,False,Normal,-5.6
2024-12-01,W-06,Gujarat,Ankleshwar,exponential,31.08,57.63,400.0,102143.0,0,2024,12,4,23,932.0,High (50-75%),39.22,-8.14,False,False,False,Normal,-20.8
2023-01-01,W-07,Gujarat,Gandhar,hyperbolic,599.21,27.57,1085.2,17976.0,0,2023,1,1,0,17976.0,Medium (25-50%),599.21,0.0,False,False,False,Normal,0.0
2023-02-01,W-07,Gujarat,Gandhar,hyperbolic,504.44,25.58,1035.8,33110.0,0,2023,2,1,1,15133.0,Medium (25-50%),599.21,-94.77000000000004,False,False,False,Normal,-15.8
2023-03-01,W-07,Gujarat,Gandhar,hyperbolic,466.9,27.09,999.6,47117.0,0,2023,3,1,2,14007.0,Medium (25-50%),551.825,-84.92500000000007,False,False,False,Normal,-15.4
2023-04-01,W-07,Gujarat,Gandhar,hyperbolic,468.11,28.32,929.8,61160.0,0,2023,4,2,3,14043.0,Medium (25-50%),504.44,-36.329999999999984,False,False,False,Normal,-7.2
2023-05-01,W-07,Gujarat,Gandhar,hyperbolic,379.79,32.82,929.8,72554.0,0,2023,5,2,4,11394.0,Medium (25-50%),468.11,-88.32,False,False,False,Normal,-18.9
2023-06-01,W-07,Gujarat,Gandhar,hyperbolic,74.59,34.32,863.5,74791.0,1,2023,6,2,5,2238.0,Medium (25-50%),466.9,-392.30999999999995,True,False,True,Critical Drop,-84.0
2023-07-01,W-07,Gujarat,Gandhar,hyperbolic,312.88,36.61,832.3,84178.0,0,2023,7,3,6,9386.0,Medium (25-50%),379.79,-66.91000000000003,False,False,False,Normal,-17.6
2023-08-01,W-07,Gujarat,Gandhar,hyperbolic,302.77,37.33,815.3,93261.0,0,2023,8,3,7,9083.0,Medium (25-50%),312.88,-10.110000000000014,False,False,False,Normal,-3.2
2023-09-01,W-07,Gujarat,Gandhar,hyperbolic,262.83,33.52,742.2,101145.0,0,2023,9,3,8,7885.0,Medium (25-50%),302.77,-39.94,False,False,False,Normal,-13.2
2023-10-01,W-07,Gujarat,Gandhar,hyperbolic,286.63,38.82,760.4,109744.0,0,2023,10,4,9,8599.0,Medium (25-50%),302.77,-16.139999999999986,False,False,False,Normal,-5.3
2023-11-01,W-07,Gujarat,Gandhar,hyperbolic,257.63,37.62,706.2,117473.0,0,2023,11,4,10,7729.0,Medium (25-50%),286.63,-29.0,False,False,False,Normal,-10.1
2023-12-01,W-07,Gujarat,Gandhar,hyperbolic,224.26,40.18,674.4,124201.0,0,2023,12,4,11,6728.0,Medium (25-50%),262.83,-38.56999999999999,False,False,False,Normal,-14.7
2024-01-01,W-07,Gujarat,Gandhar,hyperbolic,219.01,43.03,638.9,130771.0,0,2024,1,1,12,6570.0,Medium (25-50%),257.63,-38.620000000000005,False,False,False,Normal,-15.0
2024-02-01,W-07,Gujarat,Gandhar,hyperbolic,210.49,45.83,603.6,137086.0,0,2024,2,1,13,6315.0,Medium (25-50%),224.26,-13.769999999999982,False,False,False,Normal,-6.1
2024-03-01,W-07,Gujarat,Gandhar,hyperbolic,197.85,43.85,616.1,143021.0,0,2024,3,1,14,5936.0,Medium (25-50%),219.01,-21.159999999999997,False,False,False,Normal,-9.7
2024-04-01,W-07,Gujarat,Gandhar,hyperbolic,182.31,42.46,581.2,148490.0,0,2024,4,2,15,5469.0,Medium (25-50%),210.49,-28.180000000000007,False,False,False,Normal,-13.4
2024-05-01,W-07,Gujarat,Gandhar,hyperbolic,166.42,48.94,538.0,153483.0,0,2024,5,2,16,4993.0,Medium (25-50%),197.85,-31.430000000000007,False,False,False,Normal,-15.9
2024-06-01,W-07,Gujarat,Gandhar,hyperbolic,148.3,55.34,516.1,157932.0,0,2024,6,2,17,4449.0,High (50-75%),182.31,-34.00999999999999,False,False,False,Normal,-18.7
2024-07-01,W-07,Gujarat,Gandhar,hyperbolic,137.4,51.12,509.5,162054.0,0,2024,7,3,18,4122.0,High (50-75%),166.42,-29.019999999999982,False,False,False,Normal,-17.4
2024-08-01,W-07,Gujarat,Gandhar,hyperbolic,136.88,53.09,509.5,166160.0,0,2024,8,3,19,4106.0,High (50-75%),148.3,-11.420000000000016,False,False,False,Normal,-7.7
2024-09-01,W-07,Gujarat,Gandhar,hyperbolic,122.7,58.04,471.1,169841.0,0,2024,9,3,20,3681.0,High (50-75%),137.4,-14.700000000000003,False,False,False,Normal,-10.7
2024-10-01,W-07,Gujarat,Gandhar,hyperbolic,125.91,57.13,433.8,173619.0,0,2024,10,4,21,3777.0,High (50-75%),136.88,-10.969999999999999,False,False,False,Normal,-8.0
2024-11-01,W-07,Gujarat,Gandhar,hyperbolic,130.24,57.85,434.7,177526.0,0,2024,11,4,22,3907.0,High (50-75%),125.91,4.3300000000000125,False,False,False,Normal,3.4
2024-12-01,W-07,Gujarat,Gandhar,hyperbolic,121.0,59.78,417.1,181156.0,0,2024,12,4,23,3630.0,High (50-75%),125.91,-4.909999999999997,False,False,False,Normal,-3.9
2023-01-01,W-08,Gujarat,Gandhar,exponential,465.31,24.3,1265.0,13959.0,0,2023,1,1,0,13959.0,Low (<25%),465.31,0.0,False,True,True,Normal,0.0
2023-02-01,W-08,Gujarat,Gandhar,exponential,368.39,26.26,1219.8,25011.0,0,2023,2,1,1,11052.0,Medium (25-50%),465.31,-96.92000000000002,False,False,False,Normal,-20.8
2023-03-01,W-08,Gujarat,Gandhar,exponential,313.34,30.07,1177.4,34411.0,0,2023,3,1,2,9400.0,Medium (25-50%),416.85,-103.51000000000005,False,False,False,Normal,-24.8
2023-04-01,W-08,Gujarat,Gandhar,exponential,296.19,28.29,1101.1,43296.0,0,2023,4,2,3,8886.0,Medium (25-50%),368.39,-72.19999999999999,False,False,False,Normal,-19.6
2023-05-01,W-08,Gujarat,Gandhar,exponential,232.59,32.36,1062.4,50274.0,0,2023,5,2,4,6978.0,Medium (25-50%),313.34,-80.74999999999997,False,False,False,Normal,-25.8
2023-06-01,W-08,Gujarat,Gandhar,exponential,201.41,34.12,1051.3,56316.0,0,2023,6,2,5,6042.0,Medium (25-50%),296.19,-94.78,False,False,False,Moderate Drop,-32.0
2023-07-01,W-08,Gujarat,Gandhar,exponential,165.78,38.63,1001.9,61290.0,0,2023,7,3,6,4973.0,Medium (25-50%),232.59,-66.81,False,False,False,Normal,-28.7
2023-08-01,W-08,Gujarat,Gandhar,exponential,151.86,35.04,957.4,65846.0,0,2023,8,3,7,4556.0,Medium (25-50%),201.41,-49.54999999999998,False,False,False,Normal,-24.6
2023-09-01,W-08,Gujarat,Gandhar,exponential,125.99,37.46,922.8,69625.0,0,2023,9,3,8,3780.0,Medium (25-50%),165.78,-39.790000000000006,False,False,False,Normal,-24.0
2023-10-01,W-08,Gujarat,Gandhar,exponential,120.46,38.63,891.6,73239.0,0,2023,10,4,9,3614.0,Medium (25-50%),151.86,-31.40000000000002,False,False,False,Normal,-20.7
2023-11-01,W-08,Gujarat,Gandhar,exponential,120.27,38.88,843.5,76847.0,0,2023,11,4,10,3608.0,Medium (25-50%),125.99,-5.719999999999999,False,False,False,Normal,-4.5
2023-12-01,W-08,Gujarat,Gandhar,exponential,91.11,47.47,806.5,79581.0,0,2023,12,4,11,2733.0,Medium (25-50%),120.46,-29.349999999999994,False,False,False,Normal,-24.4
2024-01-01,W-08,Gujarat,Gandhar,exponential,89.48,43.18,789.1,82265.0,0,2024,1,1,12,2684.0,Medium (25-50%),120.27,-30.789999999999992,False,False,False,Normal,-25.6
2024-02-01,W-08,Gujarat,Gandhar,exponential,62.01,45.76,740.6,84125.0,0,2024,2,1,13,1860.0,Medium (25-50%),91.11,-29.1,False,False,False,Moderate Drop,-31.9
2024-03-01,W-08,Gujarat,Gandhar,exponential,57.36,51.74,731.8,85846.0,0,2024,3,1,14,1721.0,High (50-75%),89.48,-32.120000000000005,False,False,False,Moderate Drop,-35.9
2024-04-01,W-08,Gujarat,Gandhar,exponential,52.08,47.33,731.8,87409.0,0,2024,4,2,15,1562.0,Medium (25-50%),62.01,-9.93,False,False,False,Normal,-16.0
2024-05-01,W-08,Gujarat,Gandhar,exponential,46.5,54.07,685.3,88803.0,0,2024,5,2,16,1395.0,High (50-75%),57.36,-10.86,False,False,False,Normal,-18.9
2024-06-01,W-08,Gujarat,Gandhar,exponential,36.91,51.45,650.7,89911.0,0,2024,6,2,17,1107.0,High (50-75%),52.08,-15.170000000000002,False,False,False,Normal,-29.1
2024-07-01,W-08,Gujarat,Gandhar,exponential,31.63,51.45,622.2,90859.0,0,2024,7,3,18,949.0,High (50-75%),46.5,-14.870000000000001,False,False,False,Moderate Drop,-32.0
2024-08-01,W-08,Gujarat,Gandhar,exponential,26.97,53.38,608.9,91668.0,0,2024,8,3,19,809.0,High (50-75%),36.91,-9.939999999999998,False,False,False,Normal,-26.9
2024-09-01,W-08,Gujarat,Gandhar,exponential,24.3,55.94,595.8,92398.0,0,2024,9,3,20,729.0,High (50-75%),31.63,-7.329999999999998,False,False,False,Normal,-23.2
2024-10-01,W-08,Gujarat,Gandhar,exponential,22.38,60.08,563.7,93069.0,0,2024,10,4,21,671.0,High (50-75%),26.97,-4.59,False,False,False,Normal,-17.0
2024-11-01,W-08,Gujarat,Gandhar,exponential,20.62,64.83,499.3,93687.0,0,2024,11,4,22,619.0,High (50-75%),24.3,-3.6799999999999997,False,False,False,Normal,-15.1
2024-12-01,W-08,Gujarat,Gandhar,exponential,17.73,64.55,487.1,94219.0,0,2024,12,4,23,532.0,High (50-75%),22.38,-4.649999999999999,False,False,False,Normal,-20.8
2023-01-01,W-09,Andhra,KG_Offshore,hyperbolic,331.79,13.64,1223.8,9954.0,0,2023,1,1,0,9954.0,Low (<25%),331.79,0.0,False,False,False,Normal,0.0
2023-02-01,W-09,Andhra,KG_Offshore,hyperbolic,303.09,13.64,1204.4,19046.0,0,2023,2,1,1,9093.0,Low (<25%),331.79,-28.700000000000045,False,False,False,Normal,-8.7
2023-03-01,W-09,Andhra,KG_Offshore,hyperbolic,258.65,15.65,1171.3,26806.0,0,2023,3,1,2,7759.0,Low (<25%),317.44,-58.79000000000002,False,False,False,Normal,-18.5
2023-04-01,W-09,Andhra,KG_Offshore,hyperbolic,252.38,15.7,1086.8,34377.0,0,2023,4,2,3,7571.0,Low (<25%),303.09,-50.70999999999998,False,False,False,Normal,-16.7
2023-05-01,W-09,Andhra,KG_Offshore,hyperbolic,256.75,19.77,1042.7,42080.0,0,2023,5,2,4,7702.0,Low (<25%),258.65,-1.8999999999999773,False,False,False,Normal,-0.7
2023-06-01,W-09,Andhra,KG_Offshore,hyperbolic,198.52,18.72,1030.1,48035.0,0,2023,6,2,5,5956.0,Low (<25%),256.75,-58.22999999999999,False,False,False,Normal,-22.7
2023-07-01,W-09,Andhra,KG_Offshore,hyperbolic,206.74,18.72,992.4,54237.0,0,2023,7,3,6,6202.0,Low (<25%),252.38,-45.639999999999986,False,False,False,Normal,-18.1
2023-08-01,W-09,Andhra,KG_Offshore,hyperbolic,191.1,23.41,922.9,59970.0,0,2023,8,3,7,5733.0,Low (<25%),206.74,-15.640000000000015,False,False,False,Normal,-7.6
2023-09-01,W-09,Andhra,KG_Offshore,hyperbolic,182.78,20.21,888.0,65454.0,0,2023,9,3,8,5483.0,Low (<25%),198.52,-15.740000000000009,False,False,False,Normal,-7.9
2023-10-01,W-09,Andhra,KG_Offshore,hyperbolic,173.23,25.39,855.0,70651.0,0,2023,10,4,9,5197.0,Medium (25-50%),191.1,-17.870000000000005,False,False,False,Normal,-9.4
2023-11-01,W-09,Andhra,KG_Offshore,hyperbolic,177.82,23.68,805.3,75985.0,0,2023,11,4,10,5335.0,Low (<25%),182.78,-4.960000000000008,False,False,False,Normal,-2.7
2023-12-01,W-09,Andhra,KG_Offshore,hyperbolic,190.19,29.7,779.4,81691.0,0,2023,12,4,11,5706.0,Medium (25-50%),177.82,12.370000000000005,False,False,False,Normal,7.0
2024-01-01,W-09,Andhra,KG_Offshore,hyperbolic,172.13,28.0,747.0,86855.0,0,2024,1,1,12,5164.0,Medium (25-50%),177.82,-5.689999999999998,False,False,False,Normal,-3.2
2024-02-01,W-09,Andhra,KG_Offshore,hyperbolic,156.1,30.17,720.6,91538.0,0,2024,2,1,13,4683.0,Medium (25-50%),177.82,-21.72,False,False,False,Normal,-12.2
2024-03-01,W-09,Andhra,KG_Offshore,hyperbolic,143.99,32.1,702.9,95857.0,0,2024,3,1,14,4320.0,Medium (25-50%),172.13,-28.139999999999986,False,False,False,Normal,-16.3
2024-04-01,W-09,Andhra,KG_Offshore,hyperbolic,146.1,28.8,679.4,100240.0,0,2024,4,2,15,4383.0,Medium (25-50%),156.1,-10.0,False,False,False,Normal,-6.4
2024-05-01,W-09,Andhra,KG_Offshore,hyperbolic,136.39,32.73,672.6,104332.0,0,2024,5,2,16,4092.0,Medium (25-50%),146.1,-9.710000000000008,False,False,False,Normal,-6.6
2024-06-01,W-09,Andhra,KG_Offshore,hyperbolic,129.61,37.5,608.9,108220.0,0,2024,6,2,17,3888.0,Medium (25-50%),143.99,-14.379999999999995,False,False,False,Normal,-10.0
2024-07-01,W-09,Andhra,KG_Offshore,hyperbolic,111.37,38.52,614.2,111561.0,0,2024,7,3,18,3341.0,Medium (25-50%),136.39,-25.019999999999982,False,False,False,Normal,-18.3
2024-08-01,W-09,Andhra,KG_Offshore,hyperbolic,114.18,38.73,572.7,114987.0,0,2024,8,3,19,3425.0,Medium (25-50%),129.61,-15.430000000000007,False,False,False,Normal,-11.9
2024-09-01,W-09,Andhra,KG_Offshore,hyperbolic,117.59,36.84,552.6,118514.0,0,2024,9,3,20,3528.0,Medium (25-50%),114.18,3.4099999999999966,False,False,False,Normal,3.0
2024-10-01,W-09,Andhra,KG_Offshore,hyperbolic,120.45,42.09,541.8,122128.0,0,2024,10,4,21,3614.0,Medium (25-50%),114.18,6.269999999999996,False,False,False,Normal,5.5
2024-11-01,W-09,Andhra,KG_Offshore,hyperbolic,117.01,43.72,494.0,125638.0,0,2024,11,4,22,3510.0,Medium (25-50%),117.59,-0.5799999999999983,False,False,False,Normal,-0.5
2024-12-01,W-09,Andhra,KG_Offshore,hyperbolic,117.02,43.76,496.5,129149.0,0,2024,12,4,23,3511.0,Medium (25-50%),117.59,-0.5700000000000074,False,False,False,Normal,-0.5
2023-01-01,W-10,Andhra,KG_Offshore,exponential,323.74,12.48,1015.1,9712.0,0,2023,1,1,0,9712.0,Low (<25%),323.74,0.0,False,False,False,Normal,0.0
2023-02-01,W-10,Andhra,KG_Offshore,exponential,279.62,14.02,998.4,18101.0,0,2023,2,1,1,8389.0,Low (<25%),323.74,-44.120000000000005,False,False,False,Normal,-13.6
2023-03-01,W-10,Andhra,KG_Offshore,exponential,228.68,16.69,923.5,24961.0,0,2023,3,1,2,6860.0,Low (<25%),301.68,-73.0,False,False,False,Normal,-24.2
2023-04-01,W-10,Andhra,KG_Offshore,exponential,205.65,17.08,895.0,31130.0,0,2023,4,2,3,6170.0,Low (<25%),279.62,-73.97,False,False,False,Normal,-26.5
2023-05-01,W-10,Andhra,KG_Offshore,exponential,193.8,18.47,860.5,36944.0,0,2023,5,2,4,5814.0,Low (<25%),228.68,-34.879999999999995,False,False,False,Normal,-15.3
2023-06-01,W-10,Andhra,KG_Offshore,exponential,165.59,20.5,846.8,41912.0,0,2023,6,2,5,4968.0,Low (<25%),205.65,-40.06,False,False,False,Normal,-19.5
2023-07-01,W-10,Andhra,KG_Offshore,exponential,147.71,21.49,789.5,46343.0,0,2023,7,3,6,4431.0,Low (<25%),193.8,-46.09,False,False,False,Normal,-23.8
2023-08-01,W-10,Andhra,KG_Offshore,exponential,127.96,23.61,764.1,50182.0,0,2023,8,3,7,3839.0,Low (<25%),165.59,-37.63000000000001,False,False,False,Normal,-22.7
2023-09-01,W-10,Andhra,KG_Offshore,exponential,123.2,25.33,739.2,53878.0,0,2023,9,3,8,3696.0,Medium (25-50%),147.71,-24.510000000000005,False,False,False,Normal,-16.6
2023-10-01,W-10,Andhra,KG_Offshore,exponential,114.18,27.79,704.3,57304.0,0,2023,10,4,9,3425.0,Medium (25-50%),127.96,-13.779999999999987,False,False,False,Normal,-10.8
2023-11-01,W-10,Andhra,KG_Offshore,exponential,120.9,24.84,667.3,60931.0,0,2023,11,4,10,3627.0,Low (<25%),123.2,-2.299999999999997,False,False,False,Normal,-1.9
2023-12-01,W-10,Andhra,KG_Offshore,exponential,105.29,28.51,650.4,64089.0,0,2023,12,4,11,3159.0,Medium (25-50%),120.9,-15.61,False,False,False,Normal,-12.9
2024-01-01,W-10,Andhra,KG_Offshore,exponential,89.02,28.22,638.2,66760.0,0,2024,1,1,12,2671.0,Medium (25-50%),114.18,-25.16000000000001,False,False,False,Normal,-22.0
2024-02-01,W-10,Andhra,KG_Offshore,exponential,79.12,28.71,582.3,69134.0,0,2024,2,1,13,2374.0,Medium (25-50%),105.29,-26.17,False,False,False,Normal,-24.9
2024-03-01,W-10,Andhra,KG_Offshore,exponential,74.74,30.41,576.3,71376.0,0,2024,3,1,14,2242.0,Medium (25-50%),89.02,-14.280000000000001,False,False,False,Normal,-16.0
2024-04-01,W-10,Andhra,KG_Offshore,exponential,67.71,34.19,541.3,73407.0,0,2024,4,2,15,2031.0,Medium (25-50%),79.12,-11.41000000000001,False,False,False,Normal,-14.4
2024-05-01,W-10,Andhra,KG_Offshore,exponential,53.0,35.45,548.1,74997.0,0,2024,5,2,16,1590.0,Medium (25-50%),74.74,-21.739999999999995,False,False,False,Normal,-29.1
2024-06-01,W-10,Andhra,KG_Offshore,exponential,45.31,36.83,486.5,76357.0,0,2024,6,2,17,1359.0,Medium (25-50%),67.71,-22.39999999999999,False,False,False,Moderate Drop,-33.1
2024-07-01,W-10,Andhra,KG_Offshore,exponential,43.13,36.99,481.0,77651.0,0,2024,7,3,18,1294.0,Medium (25-50%),53.0,-9.869999999999997,False,False,False,Normal,-18.6
2024-08-01,W-10,Andhra,KG_Offshore,exponential,39.16,38.87,475.9,78825.0,0,2024,8,3,19,1175.0,Medium (25-50%),45.31,-6.150000000000006,False,False,False,Normal,-13.6
2024-09-01,W-10,Andhra,KG_Offshore,exponential,31.07,41.91,475.2,79758.0,0,2024,9,3,20,932.0,Medium (25-50%),43.13,-12.060000000000002,False,False,False,Normal,-28.0
2024-10-01,W-10,Andhra,KG_Offshore,exponential,34.47,38.71,433.1,80792.0,0,2024,10,4,21,1034.0,Medium (25-50%),39.16,-4.689999999999998,False,False,False,Normal,-12.0
2024-11-01,W-10,Andhra,KG_Offshore,exponential,35.86,43.15,408.7,81868.0,0,2024,11,4,22,1076.0,Medium (25-50%),34.47,1.3900000000000006,False,False,False,Normal,4.0
2024-12-01,W-10,Andhra,KG_Offshore,exponential,29.29,44.69,428.9,82746.0,0,2024,12,4,23,879.0,Medium (25-50%),34.47,-5.18,False,False,False,Normal,-15.0
2023-01-01,W-11,Andhra,Ravva,hyperbolic,495.88,10.73,991.4,14876.0,0,2023,1,1,0,14876.0,Low (<25%),495.88,0.0,False,False,False,Normal,0.0
2023-02-01,W-11,Andhra,Ravva,hyperbolic,453.98,15.41,962.8,28496.0,0,2023,2,1,1,13619.0,Low (<25%),495.88,-41.89999999999998,False,False,False,Normal,-8.4
2023-03-01,W-11,Andhra,Ravva,hyperbolic,428.74,14.28,956.0,41358.0,0,2023,3,1,2,12862.0,Low (<25%),474.93,-46.19,False,False,False,Normal,-9.7
2023-04-01,W-11,Andhra,Ravva,hyperbolic,631.45,16.19,902.2,60301.0,1,2023,4,2,3,18944.0,Low (<25%),453.98,177.47000000000003,True,True,True,Normal,39.1
2023-05-01,W-11,Andhra,Ravva,hyperbolic,342.03,17.31,849.1,70562.0,0,2023,5,2,4,10261.0,Low (<25%),453.98,-111.95000000000005,False,False,False,Normal,-24.7
2023-06-01,W-11,Andhra,Ravva,hyperbolic,277.04,17.7,832.6,78874.0,0,2023,6,2,5,8311.0,Low (<25%),428.74,-151.7,False,False,False,Moderate Drop,-35.4
2023-07-01,W-11,Andhra,Ravva,hyperbolic,244.81,25.44,812.7,86218.0,0,2023,7,3,6,7344.0,Medium (25-50%),342.03,-97.21999999999997,False,False,False,Normal,-28.4
2023-08-01,W-11,Andhra,Ravva,hyperbolic,253.58,20.91,774.5,93825.0,0,2023,8,3,7,7607.0,Low (<25%),277.04,-23.460000000000008,False,False,False,Normal,-8.5
2023-09-01,W-11,Andhra,Ravva,hyperbolic,237.5,25.37,731.7,100950.0,0,2023,9,3,8,7125.0,Medium (25-50%),253.58,-16.080000000000013,False,False,False,Normal,-6.3
2023-10-01,W-11,Andhra,Ravva,hyperbolic,218.24,22.55,692.5,107497.0,0,2023,10,4,9,6547.0,Low (<25%),244.81,-26.569999999999993,False,False,False,Normal,-10.9
2023-11-01,W-11,Andhra,Ravva,hyperbolic,216.75,26.9,685.1,114000.0,0,2023,11,4,10,6502.0,Medium (25-50%),237.5,-20.75,False,False,False,Normal,-8.7
2023-12-01,W-11,Andhra,Ravva,hyperbolic,201.0,28.52,654.1,120030.0,0,2023,12,4,11,6030.0,Medium (25-50%),218.24,-17.24000000000001,False,False,False,Normal,-7.9
2024-01-01,W-11,Andhra,Ravva,hyperbolic,196.83,28.93,636.2,125935.0,0,2024,1,1,12,5905.0,Medium (25-50%),216.75,-19.919999999999987,False,False,False,Normal,-9.2
2024-02-01,W-11,Andhra,Ravva,hyperbolic,166.59,29.26,607.9,130933.0,0,2024,2,1,13,4998.0,Medium (25-50%),201.0,-34.41,False,False,False,Normal,-17.1
2024-03-01,W-11,Andhra,Ravva,hyperbolic,167.64,31.29,590.6,135962.0,0,2024,3,1,14,5029.0,Medium (25-50%),196.83,-29.190000000000026,False,False,False,Normal,-14.8
2024-04-01,W-11,Andhra,Ravva,hyperbolic,157.57,32.42,544.3,140689.0,0,2024,4,2,15,4727.0,Medium (25-50%),167.64,-10.069999999999993,False,False,False,Normal,-6.0
2024-05-01,W-11,Andhra,Ravva,hyperbolic,138.34,39.45,550.4,144839.0,0,2024,5,2,16,4150.0,Medium (25-50%),166.59,-28.25,False,False,False,Normal,-17.0
2024-06-01,W-11,Andhra,Ravva,hyperbolic,120.84,36.01,512.8,148464.0,0,2024,6,2,17,3625.0,Medium (25-50%),157.57,-36.72999999999999,False,False,False,Normal,-23.3
2024-07-01,W-11,Andhra,Ravva,hyperbolic,125.66,38.52,521.0,152234.0,0,2024,7,3,18,3770.0,Medium (25-50%),138.34,-12.680000000000007,False,False,False,Normal,-9.2
2024-08-01,W-11,Andhra,Ravva,hyperbolic,112.21,42.45,460.3,155600.0,0,2024,8,3,19,3366.0,Medium (25-50%),125.66,-13.450000000000003,False,False,False,Normal,-10.7
2024-09-01,W-11,Andhra,Ravva,hyperbolic,103.41,38.55,478.3,158703.0,0,2024,9,3,20,3102.0,Medium (25-50%),120.84,-17.430000000000007,False,False,False,Normal,-14.4
2024-10-01,W-11,Andhra,Ravva,hyperbolic,103.95,41.79,437.5,161821.0,0,2024,10,4,21,3118.0,Medium (25-50%),112.21,-8.259999999999991,False,False,False,Normal,-7.4
2024-11-01,W-11,Andhra,Ravva,hyperbolic,103.23,42.6,407.7,164918.0,0,2024,11,4,22,3097.0,Medium (25-50%),103.95,-0.7199999999999989,False,False,False,Normal,-0.7
2024-12-01,W-11,Andhra,Ravva,hyperbolic,102.6,44.38,393.8,167996.0,0,2024,12,4,23,3078.0,Medium (25-50%),103.41,-0.8100000000000023,False,False,False,Normal,-0.8
2023-01-01,W-12,Andhra,Ravva,hyperbolic,419.68,13.61,977.2,12590.0,0,2023,1,1,0,12590.0,Low (<25%),419.68,0.0,False,False,False,Normal,0.0
2023-02-01,W-12,Andhra,Ravva,hyperbolic,377.52,11.48,929.2,23916.0,0,2023,2,1,1,11326.0,Low (<25%),419.68,-42.160000000000025,False,False,False,Normal,-10.0
2023-03-01,W-12,Andhra,Ravva,hyperbolic,396.08,18.17,903.0,35798.0,0,2023,3,1,2,11882.0,Low (<25%),398.6,-2.5200000000000387,False,False,False,Normal,-0.6
2023-04-01,W-12,Andhra,Ravva,hyperbolic,329.06,16.51,855.9,45670.0,0,2023,4,2,3,9872.0,Low (<25%),396.08,-67.01999999999998,False,False,False,Normal,-16.9
2023-05-01,W-12,Andhra,Ravva,hyperbolic,284.77,16.51,824.6,54213.0,0,2023,5,2,4,8543.0,Low (<25%),377.52,-92.75,True,False,True,Normal,-24.6
2023-06-01,W-12,Andhra,Ravva,hyperbolic,269.72,16.51,761.2,62305.0,0,2023,6,2,5,8092.0,Low (<25%),329.06,-59.339999999999975,False,False,False,Normal,-18.0
2023-07-01,W-12,Andhra,Ravva,hyperbolic,247.9,19.66,773.9,69742.0,0,2023,7,3,6,7437.0,Low (<25%),284.77,-36.869999999999976,False,False,False,Normal,-12.9
2023-08-01,W-12,Andhra,Ravva,hyperbolic,229.85,26.34,735.5,76637.0,0,2023,8,3,7,6896.0,Medium (25-50%),269.72,-39.87000000000003,False,False,False,Normal,-14.8
2023-09-01,W-12,Andhra,Ravva,hyperbolic,199.44,27.29,716.7,82620.0,0,2023,9,3,8,5983.0,Medium (25-50%),247.9,-48.46000000000001,False,False,False,Normal,-19.5
2023-10-01,W-12,Andhra,Ravva,hyperbolic,208.23,32.25,630.7,88867.0,0,2023,10,4,9,6247.0,Medium (25-50%),229.85,-21.620000000000005,False,False,False,Normal,-9.4
2023-11-01,W-12,Andhra,Ravva,hyperbolic,206.25,33.05,679.1,95055.0,0,2023,11,4,10,6188.0,Medium (25-50%),208.23,-1.9799999999999898,False,False,False,Normal,-1.0
2023-12-01,W-12,Andhra,Ravva,hyperbolic,219.73,30.95,620.3,101647.0,0,2023,12,4,11,6592.0,Medium (25-50%),206.25,13.47999999999999,False,False,False,Normal,6.5
2024-01-01,W-12,Andhra,Ravva,hyperbolic,179.06,34.03,614.6,107018.0,0,2024,1,1,12,5372.0,Medium (25-50%),208.23,-29.169999999999987,False,False,False,Normal,-14.0
2024-02-01,W-12,Andhra,Ravva,hyperbolic,168.86,38.72,558.9,112084.0,0,2024,2,1,13,5066.0,Medium (25-50%),206.25,-37.389999999999986,False,False,False,Normal,-18.1
2024-03-01,W-12,Andhra,Ravva,hyperbolic,169.99,41.35,561.2,117184.0,0,2024,3,1,14,5100.0,Medium (25-50%),179.06,-9.069999999999993,False,False,False,Normal,-5.1
2024-04-01,W-12,Andhra,Ravva,hyperbolic,147.36,44.08,514.5,121605.0,0,2024,4,2,15,4421.0,Medium (25-50%),169.99,-22.629999999999995,False,False,False,Normal,-13.3
2024-05-01,W-12,Andhra,Ravva,hyperbolic,150.23,46.04,500.2,126111.0,0,2024,5,2,16,4507.0,Medium (25-50%),168.86,-18.630000000000024,False,False,False,Normal,-11.0
2024-06-01,W-12,Andhra,Ravva,hyperbolic,126.94,45.4,518.3,129920.0,0,2024,6,2,17,3808.0,Medium (25-50%),150.23,-23.289999999999992,False,False,False,Normal,-15.5
2024-07-01,W-12,Andhra,Ravva,hyperbolic,120.15,48.28,467.5,133524.0,0,2024,7,3,18,3604.0,Medium (25-50%),147.36,-27.210000000000008,False,False,False,Normal,-18.5
2024-08-01,W-12,Andhra,Ravva,hyperbolic,113.53,52.13,455.2,136930.0,0,2024,8,3,19,3406.0,High (50-75%),126.94,-13.409999999999997,False,False,False,Normal,-10.6
2024-09-01,W-12,Andhra,Ravva,hyperbolic,106.96,50.9,447.3,140139.0,0,2024,9,3,20,3209.0,High (50-75%),120.15,-13.190000000000012,False,False,False,Normal,-11.0
2024-10-01,W-12,Andhra,Ravva,hyperbolic,118.34,54.25,424.6,143689.0,0,2024,10,4,21,3550.0,High (50-75%),113.53,4.810000000000002,False,False,False,Normal,4.2
2024-11-01,W-12,Andhra,Ravva,hyperbolic,107.97,54.81,403.1,146928.0,0,2024,11,4,22,3239.0,High (50-75%),113.53,-5.560000000000002,False,False,False,Normal,-4.9
2024-12-01,W-12,Andhra,Ravva,hyperbolic,109.29,56.34,390.6,150207.0,0,2024,12,4,23,3279.0,High (50-75%),107.97,1.3200000000000074,False,False,False,Normal,1.2
